CREATE DATABASE OnlineRetailStore;
GO

USE OnlineRetailStore;
GO

CREATE TABLE Customers (
    CustomerID INT PRIMARY KEY,
    Name VARCHAR(100),
    Region VARCHAR(50)
);

CREATE TABLE Products (
    ProductID INT PRIMARY KEY,
    ProductName VARCHAR(100),
    Category VARCHAR(50),
    Price DECIMAL(10, 2)
);

CREATE TABLE Orders (
    OrderID INT PRIMARY KEY,
    CustomerID INT,
    OrderDate DATE,
    FOREIGN KEY (CustomerID) REFERENCES Customers(CustomerID)
);

CREATE TABLE OrderDetails (
    OrderDetailID INT PRIMARY KEY,
    OrderID INT,
    ProductID INT,
    Quantity INT,
    FOREIGN KEY (OrderID) REFERENCES Orders(OrderID),
    FOREIGN KEY (ProductID) REFERENCES Products(ProductID)
);

INSERT INTO Customers (CustomerID, Name, Region) VALUES
(1, 'Alice', 'North'),
(2, 'Bob', 'South'),
(3, 'Charlie', 'East'),
(4, 'David', 'West');

INSERT INTO Products (ProductID, ProductName, Category, Price) VALUES
(1, 'Laptop', 'Electronics', 1200.00),
(2, 'Smartphone', 'Electronics', 800.00),
(3, 'Tablet', 'Electronics', 600.00),
(4, 'Headphones', 'Accessories', 150.00),
(5, 'Charger', 'Accessories', 150.00),
(6, 'Smartwatch', 'Electronics', 800.00);

INSERT INTO Orders (OrderID, CustomerID, OrderDate) VALUES
(1, 1, '2023-01-15'),
(2, 2, '2023-02-20'),
(3, 3, '2023-03-25'),
(4, 4, '2023-04-30');

INSERT INTO OrderDetails (OrderDetailID, OrderID, ProductID, Quantity) VALUES
(1, 1, 1, 1),
(2, 2, 2, 2),
(3, 3, 3, 1),
(4, 4, 4, 3);

-- Step 3: Exercise 1 – Using Ranking Functions

-- A. Using ROW_NUMBER() to find top 3 most expensive products per category
SELECT *
FROM (
    SELECT 
        ProductID,
        ProductName,
        Category,
        Price,
        ROW_NUMBER() OVER (PARTITION BY Category ORDER BY Price DESC) AS RowNum
    FROM Products
) AS RankedProducts
WHERE RowNum <= 3;

-- B. Using RANK() to observe how ties are handled
SELECT *
FROM (
    SELECT 
        ProductID,
        ProductName,
        Category,
        Price,
        RANK() OVER (PARTITION BY Category ORDER BY Price DESC) AS RankNum
    FROM Products
) AS RankedProducts
WHERE RankNum <= 3;

-- C. Using DENSE_RANK() to observe how tied ranks are grouped
SELECT *
FROM (
    SELECT 
        ProductID,
        ProductName,
        Category,
        Price,
        DENSE_RANK() OVER (PARTITION BY Category ORDER BY Price DESC) AS DenseRankNum
    FROM Products
) AS RankedProducts
WHERE DenseRankNum <= 3;
